Date,Name,Year,Letterboxd URI,Rating
2018-05-20,American Beauty,1999,https://boxd.it/71Y,5
2018-05-20,Fight Club,1999,https://boxd.it/2a9q,5
2018-05-20,Drive,2011,https://boxd.it/IG,5
2018-05-20,The Social Network,2010,https://boxd.it/17ue,5
2018-05-20,"Three Billboards Outside Ebbing, Missouri",2017,https://boxd.it/ceBS,5
2018-05-20,The Empire Strikes Back,1980,https://boxd.it/27Vw,5
2018-05-20,Star Wars,1977,https://boxd.it/72s,4.5
2018-05-20,The Godfather,1972,https://boxd.it/2aNK,5
2018-05-20,The Godfather: Part II,1974,https://boxd.it/2aNq,4.5
2018-05-20,Kill Bill: Vol. 1,2003,https://boxd.it/70w,4.5
2018-05-20,Her,2013,https://boxd.it/4O24,5
2018-05-20,Midnight Run,1988,https://boxd.it/1ZnQ,4.5
2018-05-20,Butch Cassidy and the Sundance Kid,1969,https://boxd.it/29Vy,4.5
2018-05-20,12 Years a Slave,2013,https://boxd.it/2D2e,5
2018-05-20,The Truman Show,1998,https://boxd.it/18U8,4.5
2018-05-20,L.A. Confidential,1997,https://boxd.it/27oC,4.5
2018-05-20,Inglourious Basterds,2009,https://boxd.it/1JzG,5
2018-05-20,The Big Sick,2017,https://boxd.it/eHvy,4
2018-05-20,The Star Wars Holiday Special,1978,https://boxd.it/2yMw,0.5
2018-05-20,The Neon Demon,2016,https://boxd.it/9AnW,3.5
2018-05-20,Skyfall,2012,https://boxd.it/17Fc,4
2018-05-20,28 Days Later,2002,https://boxd.it/2aXU,4
2018-05-20,The Matrix,1999,https://boxd.it/2a1m,4.5
2018-05-20,V for Vendetta,2005,https://boxd.it/29Ik,3.5
2018-05-20,Lawrence of Arabia,1962,https://boxd.it/2wRE,4.5
2018-05-20,The Shining,1980,https://boxd.it/29Nu,5
2018-05-20,Jaws,1975,https://boxd.it/2a5e,5
2018-05-20,Chinatown,1974,https://boxd.it/29vU,4.5
2018-05-20,Back to the Future,1985,https://boxd.it/2b8e,4.5
2018-05-20,Isle of Dogs,2018,https://boxd.it/dZrW,4.5
2018-05-20,The Sting,1973,https://boxd.it/1Z5s,4.5
2018-05-20,Caddyshack,1980,https://boxd.it/1SCO,4
2018-05-20,Moonlight,2016,https://boxd.it/d6bE,4
2018-05-20,La La Land,2016,https://boxd.it/a5fa,4.5
2018-05-20,Hunt for the Wilderpeople,2016,https://boxd.it/cTgG,3.5
2018-05-20,Blade Runner 2049,2017,https://boxd.it/b8wK,4.5
2018-05-20,Sing Street,2016,https://boxd.it/cOo6,4.5
2018-05-20,Groundhog Day,1993,https://boxd.it/2b3e,4.5
2018-05-20,The Girl with the Dragon Tattoo,2011,https://boxd.it/2Pa,4
2018-05-20,There Will Be Blood,2007,https://boxd.it/20Z2,5
2018-05-20,The Grand Budapest Hotel,2014,https://boxd.it/3ZqO,4
2018-05-20,Saving Private Ryan,1998,https://boxd.it/29ro,4.5
2018-05-20,The Big Lebowski,1998,https://boxd.it/2b6C,4.5
2018-05-20,True Grit,2010,https://boxd.it/Sog,3.5
2018-05-20,"O Brother, Where Art Thou?",2000,https://boxd.it/2b3I,3.5
2018-05-20,The Conjuring,2013,https://boxd.it/4sr2,4
2018-05-21,Black Panther,2018,https://boxd.it/8MHs,3.5
2018-05-21,Harry Potter and the Philosopher's Stone,2001,https://boxd.it/29QS,4
2018-05-21,Harry Potter and the Chamber of Secrets,2002,https://boxd.it/29QI,3.5
2018-05-21,Rogue One: A Star Wars Story,2016,https://boxd.it/aPvy,2.5
2018-05-21,Mission: Impossible - Rogue Nation,2015,https://boxd.it/5rI4,4
2018-05-21,Amadeus,1984,https://boxd.it/2aH8,5
2018-05-21,Die Hard,1988,https://boxd.it/2a7u,4
2018-05-21,A Clockwork Orange,1971,https://boxd.it/2aVE,3
2018-05-21,Fences,2016,https://boxd.it/dL6A,4
2018-05-21,Arrival,2016,https://boxd.it/aNGk,4
2018-05-21,Manchester by the Sea,2016,https://boxd.it/b2L0,4
2018-05-21,The Big Short,2015,https://boxd.it/ajZw,4
2018-05-21,Spotlight,2015,https://boxd.it/a84k,4.5
2018-05-21,Meru,2015,https://boxd.it/aixm,4
2018-05-21,Inception,2010,https://boxd.it/1skk,3.5
2018-05-22,Raging Bull,1980,https://boxd.it/28yI,4
2018-05-22,Shutter Island,2010,https://boxd.it/1U82,3.5
2018-05-22,It,2017,https://boxd.it/bC8e,3.5
2018-05-22,American Hustle,2013,https://boxd.it/5dz8,4
2018-05-22,Baby Driver,2017,https://boxd.it/bhF2,3.5
2018-05-23,Before Sunrise,1995,https://boxd.it/2bcU,5
2018-05-24,Fantastic Mr. Fox,2009,https://boxd.it/1WyQ,4.5
2018-05-24,mother!,2017,https://boxd.it/dgRU,3.5
2018-05-24,Hidden Figures,2016,https://boxd.it/dgS4,3
2018-05-24,The Hurt Locker,2008,https://boxd.it/1Soi,3.5
2018-05-24,It Comes at Night,2017,https://boxd.it/eLuk,3
2018-05-24,Only God Forgives,2013,https://boxd.it/2HBs,1
2018-05-24,Looper,2012,https://boxd.it/ham,4
2018-05-24,Raiders of the Lost Ark,1981,https://boxd.it/2bbs,5
2018-05-24,The Jungle Book,2016,https://boxd.it/8wjk,2
2018-05-24,10 Cloverfield Lane,2016,https://boxd.it/aZiu,3.5
2018-05-24,Zootopia,2016,https://boxd.it/84xS,4
2018-05-24,Guardians of the Galaxy,2014,https://boxd.it/3VH2,2.5
2018-05-24,Dawn of the Planet of the Apes,2014,https://boxd.it/3XyQ,4
2018-05-24,Whiplash,2014,https://boxd.it/7bQA,4.5
2018-05-24,Pulp Fiction,1994,https://boxd.it/29Pq,4.5
2018-05-24,Moneyball,2011,https://boxd.it/glS,4
2018-05-24,Call Me by Your Name,2017,https://boxd.it/dYmm,4.5
2018-05-24,Creed,2015,https://boxd.it/a2qk,4
2018-05-24,The Martian,2015,https://boxd.it/8SeG,4
2018-05-24,Trainwreck,2015,https://boxd.it/8bdA,3.5
2018-05-24,Ratatouille,2007,https://boxd.it/27ww,4.5
2018-05-24,The Incredibles,2004,https://boxd.it/1XLm,5
2018-05-24,Guardians of the Galaxy Vol. 2,2017,https://boxd.it/8MxC,2.5
2018-05-26,Lion,2016,https://boxd.it/b2La,4
2018-05-26,Hell or High Water,2016,https://boxd.it/bfGM,3.5
2018-05-26,Boyhood,2014,https://boxd.it/3178,3.5
2018-05-26,The Babadook,2014,https://boxd.it/77xu,3.5
2018-05-26,Captain Phillips,2013,https://boxd.it/3GPK,4
2018-05-26,Prisoners,2013,https://boxd.it/4E5i,3.5
2018-05-26,Up,2009,https://boxd.it/1OEc,4
2018-05-26,Thor: Ragnarok,2017,https://boxd.it/8MHi,3.5
2018-05-26,American History X,1998,https://boxd.it/2bdo,4
2018-05-26,Django Unchained,2012,https://boxd.it/2cCk,4.5
2018-05-26,Silver Linings Playbook,2012,https://boxd.it/2TTo,4.5
2018-05-26,Lady Bird,2017,https://boxd.it/dGNE,4
2018-05-30,Cat People,1942,https://boxd.it/1vG4,3
2018-05-30,¡Three Amigos!,1986,https://boxd.it/20f4,4
2018-05-31,Cléo from 5 to 7,1962,https://boxd.it/2agm,4
2018-05-31,Guess Who's Coming to Dinner,1967,https://boxd.it/27Xi,4.5
2018-05-31,Insidious,2010,https://boxd.it/H4k,3
2018-06-03,A Serbian Film,2010,https://boxd.it/2wBc,0.5
2018-06-03,Anomalisa,2015,https://boxd.it/97TE,3
2018-06-03,A Christmas Story,1983,https://boxd.it/29sw,4
2018-06-03,Star Trek,2009,https://boxd.it/1Q6c,3
2018-06-03,Star Trek Beyond,2016,https://boxd.it/5Ik4,2
2018-06-03,Star Trek Into Darkness,2013,https://boxd.it/uYE,3.5
2018-06-06,Logan,2017,https://boxd.it/7Piy,3
2018-06-07,RBG,2018,https://boxd.it/hLS8,2.5
2018-06-07,9 Songs,2004,https://boxd.it/702,2
2018-06-08,(500) Days of Summer,2009,https://boxd.it/1EmM,3.5
2018-06-08,The Human Centipede (First Sequence),2009,https://boxd.it/18Tu,0.5
2018-06-09,National Lampoon's Christmas Vacation,1989,https://boxd.it/22wQ,4
2018-06-09,The 400 Blows,1959,https://boxd.it/2b1C,4
2018-06-09,Father of the Bride,1991,https://boxd.it/1SWY,4
2018-06-09,Finding Dory,2016,https://boxd.it/4aAA,2
2018-06-09,Piper,2016,https://boxd.it/dZaG,3
2018-06-09,"McFarland, USA",2015,https://boxd.it/6JCq,3
2018-06-09,The Hobbit: The Battle of the Five Armies,2014,https://boxd.it/43aU,2
2018-06-09,Interstellar,2014,https://boxd.it/4VZ8,4.5
2018-06-09,The King's Speech,2010,https://boxd.it/dX0,4.5
2018-06-09,Dan in Real Life,2007,https://boxd.it/218y,3
2018-06-09,King Kong,2005,https://boxd.it/2aLa,3
2018-06-09,Elf,2003,https://boxd.it/1VyK,3.5
2018-06-09,Pirates of the Caribbean: The Curse of the Black Pearl,2003,https://boxd.it/70G,3.5
2018-06-09,The Bourne Identity,2002,https://boxd.it/26EO,4
2018-06-09,The Bourne Ultimatum,2007,https://boxd.it/26Eu,4
2018-06-10,Shrek,2001,https://boxd.it/29zi,4
2018-06-10,Gravity,2013,https://boxd.it/GZY,2
2018-06-10,War for the Planet of the Apes,2017,https://boxd.it/8FE2,4
2018-06-11,First Reformed,2017,https://boxd.it/go9C,4
2018-06-14,Stand by Me,1986,https://boxd.it/2aOe,4
2018-06-14,A League of Their Own,1992,https://boxd.it/1UdG,3
2018-06-14,Pan's Labyrinth,2006,https://boxd.it/28No,3
2018-06-14,Ocean's Eleven,2001,https://boxd.it/2aZm,4.5
2018-06-14,Evil Dead II,1987,https://boxd.it/29Ge,3.5
2018-06-16,Finding Nemo,2003,https://boxd.it/72i,4.5
2018-06-16,"Monsters, Inc.",2001,https://boxd.it/2a46,4
2018-06-16,Cars,2006,https://boxd.it/29ho,3
2018-06-16,A Bug's Life,1998,https://boxd.it/1Yyy,4
2018-06-16,WALL·E,2008,https://boxd.it/1VEo,2.5
2018-06-16,Star Wars: Episode II - Attack of the Clones,2002,https://boxd.it/27V2,3
2018-06-16,Beauty and the Beast,1991,https://boxd.it/1XhG,4.5
2018-06-16,Darkest Hour,2017,https://boxd.it/dZZa,4.5
2018-06-16,How to Train Your Dragon,2010,https://boxd.it/1WRy,4
2018-06-17,Notting Hill,1999,https://boxd.it/2aeK,3.5
2018-06-17,Field of Dreams,1989,https://boxd.it/26VK,4
2018-06-18,Oldboy,2003,https://boxd.it/29R2,4.5
2018-06-19,The Sixth Sense,1999,https://boxd.it/29Js,4.5
2018-06-19,The Blair Witch Project,1999,https://boxd.it/26ua,4.5
2018-06-19,The Evil Dead,1981,https://boxd.it/29Go,3.5
2018-06-19,The Purge,2013,https://boxd.it/4Xg0,1.5
2018-06-20,Let the Right One In,2008,https://boxd.it/1Qr0,4
2018-06-20,Let Me In,2010,https://boxd.it/Zsa,3.5
2018-06-20,Titanic,1997,https://boxd.it/2a2k,3.5
2018-06-20,Shakespeare in Love,1998,https://boxd.it/27Pe,3.5
2018-06-21,Incredibles 2,2018,https://boxd.it/7IPg,2.5
2018-06-21,Young Frankenstein,1974,https://boxd.it/25To,4
2018-06-21,A Few Good Men,1992,https://boxd.it/29nw,3.5
2018-06-21,Bridge of Spies,2015,https://boxd.it/9n9C,3.5
2018-06-21,Lincoln,2012,https://boxd.it/2n2s,3.5
2018-06-21,The Lost World: Jurassic Park,1997,https://boxd.it/2azS,3
2018-06-21,The Terminal,2004,https://boxd.it/2a2O,3
2018-06-21,The Adventures of Tintin,2011,https://boxd.it/1Irc,2
2018-06-21,Creep,2014,https://boxd.it/7l4c,2.5
2018-06-22,Room,2015,https://boxd.it/7T0y,4
2018-06-23,John Wick,2014,https://boxd.it/7dEc,4
2018-06-23,Carol,2015,https://boxd.it/7DPK,4.5
2018-06-23,Beasts of the Southern Wild,2012,https://boxd.it/2XPK,3
2018-06-24,Won't You Be My Neighbor?,2018,https://boxd.it/hDPU,5
2018-06-25,Talladega Nights: The Ballad of Ricky Bobby,2006,https://boxd.it/1XYq,4
2018-06-26,Piranha 3D,2010,https://boxd.it/U5q,2
2018-06-26,Deep Blue Sea,1999,https://boxd.it/1ZBo,2
2018-06-26,The Intern,2015,https://boxd.it/7AOE,3
2018-06-27,The Prestige,2006,https://boxd.it/293w,4.5
2018-06-28,Before Sunset,2004,https://boxd.it/2bcg,4.5
2018-06-28,Eraserhead,1977,https://boxd.it/299u,5
2018-06-29,Avengers: Age of Ultron,2015,https://boxd.it/3qi6,3.5
2018-06-29,Kevin Hart: Seriously Funny,2010,https://boxd.it/XvQ,4
2018-06-29,Kevin Hart: Let Me Explain,2013,https://boxd.it/5wB8,2.5
2018-06-29,Kevin Hart: What Now?,2016,https://boxd.it/biVq,2
2018-06-29,Stranger in Paradise,2016,https://boxd.it/f542,4
2018-06-29,Barakah Meets Barakah,2016,https://boxd.it/dkfA,2
2018-06-30,Rio Bravo,1959,https://boxd.it/2aE4,4
2018-06-30,A Man Escaped,1956,https://boxd.it/1MzY,4.5
2018-06-30,Beauty and the Beast,2017,https://boxd.it/ar0c,1
2018-07-02,The Hateful Eight,2015,https://boxd.it/8gw8,3
2018-07-02,Sicario,2015,https://boxd.it/8i7u,4
2018-07-03,Rise of the Planet of the Apes,2011,https://boxd.it/cS4,3.5
2018-07-03,Midnight in Paris,2011,https://boxd.it/i4a,3.5
2018-07-03,Tangled,2010,https://boxd.it/15gO,4
2018-07-04,Foxcatcher,2014,https://boxd.it/35Di,3
2018-07-04,Boogie Nights,1997,https://boxd.it/23um,4
2018-07-06,M,1931,https://boxd.it/29vq,5
2018-07-07,Stalker,1979,https://boxd.it/28PO,5
2018-07-07,Annie Hall,1977,https://boxd.it/29M2,4.5
2018-07-07,Wanted,2008,https://boxd.it/1ZBS,1.5
2018-07-08,The Cabin in the Woods,2011,https://boxd.it/1zOc,4
2018-07-08,Bone Tomahawk,2015,https://boxd.it/9kiw,3.5
2018-07-09,Dogtooth,2009,https://boxd.it/158K,4.5
2018-07-09,Blue Velvet,1986,https://boxd.it/29BI,4
2018-07-09,Solaris,1972,https://boxd.it/2a2Y,4
2018-07-09,Blood of the Beasts,1949,https://boxd.it/3cTW,4
2018-07-10,The Imitation Game,2014,https://boxd.it/6aig,3
2018-07-10,X-Men Origins: Wolverine,2009,https://boxd.it/27ug,1
2018-07-10,Transformers,2007,https://boxd.it/280c,2
2018-07-10,Return of the Jedi,1983,https://boxd.it/27Vm,3.5
2018-07-10,X-Men,2000,https://boxd.it/1a7s,2.5
2018-07-10,Deadpool,2016,https://boxd.it/9fOC,2
2018-07-10,Monty Python and the Holy Grail,1975,https://boxd.it/29GI,4.5
2018-07-10,District 9,2009,https://boxd.it/1Iik,3.5
2018-07-10,Catch Me If You Can,2002,https://boxd.it/29VS,4.5
2018-07-12,The Disaster Artist,2017,https://boxd.it/cTqc,3.5
2018-07-12,The Interview,2014,https://boxd.it/6KQ4,3
2018-07-12,Lone Survivor,2013,https://boxd.it/5Qj4,2
2018-07-12,Elysium,2013,https://boxd.it/2cBm,1.5
2018-07-12,Super 8,2011,https://boxd.it/dVI,3.5
2018-07-12,Sherlock Holmes,2009,https://boxd.it/1W2A,2.5
2018-07-12,The Road,2009,https://boxd.it/1CWI,2.5
2018-07-13,Superman,1978,https://boxd.it/27Qm,4
2018-07-13,Gerald's Game,2017,https://boxd.it/buKa,3.5
2018-07-15,Singin' in the Rain,1952,https://boxd.it/29oY,5
2018-07-15,Harry Potter and the Prisoner of Azkaban,2004,https://boxd.it/29Qy,4.5
2018-07-17,The Princess Bride,1987,https://boxd.it/26EY,4.5
2018-07-18,Four Weddings and a Funeral,1994,https://boxd.it/29KA,3
2018-07-18,The Lobster,2015,https://boxd.it/7tnw,4.5
2018-07-19,The Revenant,2015,https://boxd.it/8H5e,4
2018-07-24,The Sound of Music,1965,https://boxd.it/1MLK,4.5
2018-07-24,Blazing Saddles,1974,https://boxd.it/1UHQ,4
2018-07-24,The Killing of a Sacred Deer,2017,https://boxd.it/dZ5G,3.5
2018-07-24,The Florida Project,2017,https://boxd.it/dMG0,3.5
2018-07-26,Star Wars: The Force Awakens,2015,https://boxd.it/4vru,3.5
2018-07-27,Baby Face,1933,https://boxd.it/1rMs,4.5
2018-07-27,The House of the Devil,2009,https://boxd.it/1uIe,3.5
2018-07-28,The Artist,2011,https://boxd.it/2AwK,4.5
2018-07-28,The Descendants,2011,https://boxd.it/4Ba,4
2018-07-29,It's a Wonderful Life,1946,https://boxd.it/28xA,5
2018-08-02,This Is the End,2013,https://boxd.it/3GB4,3.5
2018-08-05,The Naked Gun: From the Files of Police Squad!,1988,https://boxd.it/18YE,4
2018-08-06,Eighth Grade,2018,https://boxd.it/hDMG,4
2018-08-09,It Follows,2014,https://boxd.it/87wo,4
2018-08-10,A Fish Called Wanda,1988,https://boxd.it/29YC,4.5
2018-08-13,Phenomenon,1996,https://boxd.it/1Z2I,2
2018-08-13,Children of Men,2006,https://boxd.it/1Y2i,4
2018-08-14,Under the Skin,2013,https://boxd.it/3mDa,4.5
2018-08-15,Locke,2013,https://boxd.it/6hHC,4
2018-08-17,Dave,1993,https://boxd.it/1Txq,3.5
2018-08-21,The Accidental Tourist,1988,https://boxd.it/1jYg,3
2018-09-02,A Quiet Place,2018,https://boxd.it/fVJQ,3.5
2018-09-03,Ted,2012,https://boxd.it/2pgc,3.5
2018-09-09,Robin Hood: Men in Tights,1993,https://boxd.it/20H8,3.5
2018-09-14,The Great Gatsby,1974,https://boxd.it/1UNY,1
2018-10-01,Predators,2010,https://boxd.it/1d9m,3.5
2018-10-15,Citizen Kane,1941,https://boxd.it/71O,4.5
2018-10-16,Game Night,2018,https://boxd.it/fRtu,3.5
2018-10-16,Joe Rogan: Strange Times,2018,https://boxd.it/k6mw,3
2018-10-16,Joe Rogan: Triggered,2016,https://boxd.it/eUS6,3
2018-10-16,Hold the Dark,2018,https://boxd.it/dQPg,2.5
2018-10-18,Phantom Thread,2017,https://boxd.it/e4uc,4.5
2018-10-20,Private Life,2018,https://boxd.it/gn9Q,4
2018-10-23,Halloween,2007,https://boxd.it/27u6,0.5
2018-10-25,The Magnificent Ambersons,1942,https://boxd.it/29bK,4
2018-10-29,Sweeney Todd: The Demon Barber of Fleet Street,2007,https://boxd.it/1PcS,4
2018-10-29,Mr. & Mrs. Smith,2005,https://boxd.it/29CG,3
2018-10-30,Saving Mr. Banks,2013,https://boxd.it/4vIq,2
2018-10-30,21 Jump Street,2012,https://boxd.it/J0,3.5
2018-10-31,National Treasure,2004,https://boxd.it/27x0,3.5
2018-11-01,Suspiria,1977,https://boxd.it/1SNW,3.5
2018-11-01,Miracle on 34th Street,1994,https://boxd.it/1W5k,4
2018-11-02,You Were Never Really Here,2017,https://boxd.it/dWOS,4
2018-11-02,First Man,2018,https://boxd.it/cPym,3.5
2018-11-02,A Star Is Born,2018,https://boxd.it/aXgc,3.5
2018-11-02,Adam Sandler: 100% Fresh,2018,https://boxd.it/iLhI,3
2018-11-02,To Kill a Mockingbird,1962,https://boxd.it/2a2E,5
2018-11-17,The Color Purple,1985,https://boxd.it/29oO,3.5
2018-11-18,A Simple Favor,2018,https://boxd.it/hq92,3.5
2018-11-19,Antichrist,2009,https://boxd.it/1Inu,4
2018-11-20,Widows,2018,https://boxd.it/e6gc,4
2018-11-23,Good Will Hunting,1997,https://boxd.it/2ahY,4.5
2018-11-29,Paddington 2,2017,https://boxd.it/bCF8,4
2018-12-08,A Serious Man,2009,https://boxd.it/1RFW,4.5
2018-12-08,Nashville,1975,https://boxd.it/25GE,3.5
2018-12-10,Badlands,1973,https://boxd.it/25Fm,3.5
2018-12-11,Noah,2014,https://boxd.it/34QA,2.5
2018-12-21,Nymphomaniac: Vol. II,2013,https://boxd.it/7j9Y,1.5
2018-12-25,Nymphomaniac: Vol. I,2013,https://boxd.it/7DiG,2.5
2018-12-30,Moonrise Kingdom,2012,https://boxd.it/2Wng,4
2018-12-30,Mary Poppins Returns,2018,https://boxd.it/e4nU,2.5
2019-01-01,GoodFellas,1990,https://boxd.it/29FA,4.5
2019-01-01,Before Midnight,2013,https://boxd.it/4ive,5
2019-01-02,The House That Jack Built,2018,https://boxd.it/dWO4,3.5
2019-01-03,Sorry to Bother You,2018,https://boxd.it/f21E,3
2019-01-03,Vice,2018,https://boxd.it/fcFY,1
2019-01-03,The Ballad of Buster Scruggs,2018,https://boxd.it/jB2q,3.5
2019-01-04,Apostle,2018,https://boxd.it/f0so,3
2019-01-05,Mandy,2018,https://boxd.it/gtti,3
2019-01-05,Leave No Trace,2018,https://boxd.it/fMfM,4
2019-01-06,The Death of Stalin,2017,https://boxd.it/ea9Y,3.5
2019-01-06,The Rider,2017,https://boxd.it/gazw,4
2019-01-06,Blockers,2018,https://boxd.it/fxEW,3
2019-01-07,Grizzly Man,2005,https://boxd.it/2ag2,4.5
2019-01-10,Bird Box,2018,https://boxd.it/eh1i,2.5
2019-01-12,If Beale Street Could Talk,2018,https://boxd.it/gGhu,3.5
2019-01-20,Annihilation,2018,https://boxd.it/9yzm,4
2019-01-27,Instant Family,2018,https://boxd.it/hHpQ,2
2019-01-27,The Spy Who Dumped Me,2018,https://boxd.it/geEg,1
2019-01-27,The Breakfast Club,1985,https://boxd.it/27q4,3.5
2019-01-31,Green Book,2018,https://boxd.it/hErk,2.5
2019-01-31,The Witch,2015,https://boxd.it/9X0m,4.5
2019-02-02,Y Tu Mamá También,2001,https://boxd.it/28QM,5
2019-02-05,Velvet Buzzsaw,2019,https://boxd.it/gAy0,2
2019-02-07,Personal Shopper,2016,https://boxd.it/bkGM,4
2019-02-14,Nightcrawler,2014,https://boxd.it/780m,4
2019-02-14,High Flying Bird,2019,https://boxd.it/itka,4
2019-02-14,Nosferatu,1922,https://boxd.it/29TM,3
2019-02-25,Bohemian Rhapsody,2018,https://boxd.it/f1TK,2
2019-02-26,Don't Look Now,1973,https://boxd.it/29fC,4.5
2019-02-27,I Walked with a Zombie,1943,https://boxd.it/1stm,3.5
2019-02-28,Free Solo,2018,https://boxd.it/iEEq,4
2019-03-03,Poltergeist,1982,https://boxd.it/2a0o,1.5
2019-03-03,Eternal Sunshine of the Spotless Mind,2004,https://boxd.it/6YK,4.5
2019-03-05,"4 Months, 3 Weeks and 2 Days",2007,https://boxd.it/27DW,4.5
2019-03-07,A Brighter Summer Day,1991,https://boxd.it/1Luy,4.5
2019-03-09,Zodiac,2007,https://boxd.it/27MO,4
2019-03-10,The Tingler,1959,https://boxd.it/1t1y,4.5
2019-03-10,Peeping Tom,1960,https://boxd.it/1Utk,4.5
2019-03-24,Captain Marvel,2019,https://boxd.it/9vSA,3.5
2019-04-09,Dracula,1931,https://boxd.it/2b34,3
2019-04-15,The Third Wife,2018,https://boxd.it/jSlO,3.5
2019-04-16,Carrie,1976,https://boxd.it/20ZQ,3
2019-04-16,Freaks,1932,https://boxd.it/2b3o,3
2019-04-16,Eyes Without a Face,1960,https://boxd.it/1j9i,4
2019-04-24,The Fly,1986,https://boxd.it/1YIe,4
2019-05-03,The Wailing,2016,https://boxd.it/9fLy,4.5
2019-05-03,Audition,1999,https://boxd.it/1UHm,4.5
2019-05-07,Burning,2018,https://boxd.it/hHUa,4.5
2019-05-07,Get Out,2017,https://boxd.it/eOCm,4.5
2019-05-11,Avengers: Endgame,2019,https://boxd.it/9vE4,4
2019-05-19,Suspiria,2018,https://boxd.it/cioI,3
2019-05-19,A Girl Walks Home Alone at Night,2014,https://boxd.it/7nZE,3
2019-05-29,Train to Busan,2016,https://boxd.it/dSQU,3.5
2019-06-09,The Edge of Seventeen,2016,https://boxd.it/d5nu,3
2019-06-12,American Psycho,2000,https://boxd.it/28Vs,3
2019-06-13,Side Effects,2013,https://boxd.it/3GA6,4
2019-06-13,The Meg,2018,https://boxd.it/bAL4,2.5
2019-06-13,Girls Trip,2017,https://boxd.it/eL4G,2.5
2019-06-14,Gone Girl,2014,https://boxd.it/6hQu,4.5
2019-06-19,A Dark Song,2016,https://boxd.it/epo0,3
2019-06-21,The 40 Year Old Virgin,2005,https://boxd.it/21hK,4.5
2019-06-27,Crazy Rich Asians,2018,https://boxd.it/gfnK,2.5
2019-06-28,Always Be My Maybe,2019,https://boxd.it/iB2y,3
2019-06-28,Toy Story 4,2019,https://boxd.it/9ALu,4
2019-06-29,Austin Powers: The Spy Who Shagged Me,1999,https://boxd.it/29xQ,2
2019-07-08,Anchorman: The Legend of Ron Burgundy,2004,https://boxd.it/1ZVo,3.5
2019-07-10,Edge of Tomorrow,2014,https://boxd.it/4pD0,4
2019-07-11,Knock Down the House,2019,https://boxd.it/kIss,4
2019-07-12,The Lonely Island Presents: The Unauthorized Bash Brothers Experience,2019,https://boxd.it/mihs,2.5
2019-07-13,Tropic Thunder,2008,https://boxd.it/20WM,2.5
2019-07-17,Ace Ventura: Pet Detective,1994,https://boxd.it/25RW,3.5
2019-07-18,Napoleon Dynamite,2004,https://boxd.it/20wu,4.5
2019-07-18,Office Space,1999,https://boxd.it/28Em,3
2019-07-18,Midsommar,2019,https://boxd.it/jhxe,4
2019-07-19,Stop Making Sense,1984,https://boxd.it/1ygo,5
2019-07-19,Rushmore,1998,https://boxd.it/1TAO,4.5
2019-07-28,Hannah Gadsby: Nanette,2018,https://boxd.it/jfyE,3
2019-07-28,Evil Dead,2013,https://boxd.it/3GPq,3
2019-07-28,The Shape of Water,2017,https://boxd.it/dZ5m,2.5
2019-07-29,Birdman or (The Unexpected Virtue of Ignorance),2014,https://boxd.it/5RFA,2.5
2019-07-29,The Hangover,2009,https://boxd.it/1GjK,2
2019-07-30,The Favourite,2018,https://boxd.it/d2hI,4
2019-07-30,The Silence of the Lambs,1991,https://boxd.it/2aHW,4
2019-07-30,The Room,2003,https://boxd.it/1ICY,3
2019-07-30,The Lion King,1994,https://boxd.it/201Q,4.5
2019-07-31,Once Upon a Time… in Hollywood,2019,https://boxd.it/gH0O,4
2019-08-02,Spaceballs,1987,https://boxd.it/29cy,3.5
2019-08-08,Deliverance,1972,https://boxd.it/1VGk,3
2019-08-08,Jackie Brown,1997,https://boxd.it/2aVO,4.5
2019-08-16,The Host,2006,https://boxd.it/28ZY,3
2019-08-17,The Tree of Life,2011,https://boxd.it/1Zu8,5
2019-08-21,Iron Man,2008,https://boxd.it/28dA,4
2019-08-22,Monsters University,2013,https://boxd.it/bQm,2
2019-08-25,Everybody Wants Some!!,2016,https://boxd.it/9mgM,4.5
2019-08-26,Dumb and Dumber,1994,https://boxd.it/206m,3
2019-09-03,Oklahoma!,1955,https://boxd.it/1P5M,3
2019-09-10,Batman,1989,https://boxd.it/2aIU,3.5
2019-09-15,Eyes Wide Shut,1999,https://boxd.it/2axs,4
2019-09-18,Roma,2018,https://boxd.it/f69M,3
2019-09-19,The Exorcist,1973,https://boxd.it/1Yoo,3.5
2019-10-02,Brick,2005,https://boxd.it/1Z6A,3.5
2019-10-07,Minority Report,2002,https://boxd.it/2aWi,4.5
2019-10-11,Downton Abbey,2019,https://boxd.it/jvdM,3
2019-10-15,Burn After Reading,2008,https://boxd.it/23BW,1.5
2019-10-23,Do the Right Thing,1989,https://boxd.it/29gA,5
2019-10-24,Joker,2019,https://boxd.it/h4cS,2.5
2019-10-25,Climax,2018,https://boxd.it/ikvo,2.5
2019-11-08,Forrest Gump,1994,https://boxd.it/728,3.5
2019-11-10,Parasite,2019,https://boxd.it/hTha,5
2019-11-11,"Aguirre, the Wrath of God",1972,https://boxd.it/27Fe,4
2019-11-23,Persona,1966,https://boxd.it/29B4,4.5
2019-11-25,The Irishman,2019,https://boxd.it/dYOq,4
2019-11-25,Jojo Rabbit,2019,https://boxd.it/iEBG,4
2019-11-25,Booksmart,2019,https://boxd.it/igNS,4
2019-11-28,Knives Out,2019,https://boxd.it/jWEA,2.5
2019-11-28,Magic Mike XXL,2015,https://boxd.it/7TTS,3.5
2019-12-03,A Beautiful Day in the Neighborhood,2019,https://boxd.it/i7vA,4
2019-12-06,The 39 Steps,1935,https://boxd.it/2aKc,3.5
2019-12-06,The Kid,1921,https://boxd.it/1X5U,3.5
2019-12-07,Airplane!,1980,https://boxd.it/29yu,3
2019-12-07,Goldfinger,1964,https://boxd.it/29SY,4
2019-12-08,The Passion of Joan of Arc,1928,https://boxd.it/29DO,4.5
2019-12-08,Marriage Story,2019,https://boxd.it/hJAw,4
2019-12-10,Un Chien Andalou,1929,https://boxd.it/29Y8,4
2019-12-11,City Lights,1931,https://boxd.it/29ki,4.5
2019-12-13,Modern Times,1936,https://boxd.it/25MC,5
2019-12-20,28 Weeks Later,2007,https://boxd.it/28Bi,3
2019-12-20,Unfriended,2014,https://boxd.it/8sXg,3.5
2019-12-21,Hereditary,2018,https://boxd.it/hNVe,3
2019-12-25,Star Wars: Episode I - The Phantom Menace,1999,https://boxd.it/27Vc,2
2019-12-25,Christmas with the Kranks,2004,https://boxd.it/1PEW,0.5
2019-12-26,Home Alone,1990,https://boxd.it/29Fg,2.5
2019-12-27,Event Horizon,1997,https://boxd.it/20d8,3.5
2019-12-28,Star Wars: The Last Jedi,2017,https://boxd.it/5xme,3.5
2019-12-29,Star Wars: The Rise of Skywalker,2019,https://boxd.it/5xlK,2.5
2019-12-31,7 Days in Hell,2015,https://boxd.it/8VZ6,2.5
2019-12-31,The Nightingale,2018,https://boxd.it/e1Ga,3.5
2020-01-01,My Cousin Vinny,1992,https://boxd.it/1WpO,4
2020-01-02,High Life,2018,https://boxd.it/d6bk,2
2020-01-03,Uncle Boonmee Who Can Recall His Past Lives,2010,https://boxd.it/168Q,4
2020-01-11,BlacKkKlansman,2018,https://boxd.it/hxL8,4
2020-01-13,Honeyland,2019,https://boxd.it/kL8K,3.5
2020-01-13,Hail Satan?,2019,https://boxd.it/kJvC,3
2020-01-14,Uncut Gems,2019,https://boxd.it/gXGc,4.5
2020-01-19,The Lighthouse,2019,https://boxd.it/icFU,3.5
2020-01-19,The Last Black Man in San Francisco,2019,https://boxd.it/iWAw,3.5
2020-01-22,Star Wars: Episode III - Revenge of the Sith,2005,https://boxd.it/27US,4.5
2020-01-23,Wonder Woman,2017,https://boxd.it/9roG,3
2020-01-24,Her Smell,2018,https://boxd.it/iT5q,4.5
2020-01-25,Honey Boy,2019,https://boxd.it/ixvm,4
2020-01-26,1917,2019,https://boxd.it/jj4y,3.5
2020-01-26,Ash Is Purest White,2018,https://boxd.it/fH5C,2.5
2020-01-27,Little Women,2019,https://boxd.it/aSVk,4
2020-01-28,The Souvenir,2019,https://boxd.it/gXU4,3
2020-01-28,The Farewell,2019,https://boxd.it/kIky,3
2020-01-28,One Child Nation,2019,https://boxd.it/kL0Q,4
2020-02-01,Spider-Man,2002,https://boxd.it/2a8i,4
2020-02-01,Spring Breakers,2012,https://boxd.it/421s,3.5
2020-02-03,Spider-Man 2,2004,https://boxd.it/2a88,4
2020-02-06,Bruce Almighty,2003,https://boxd.it/2aCC,3
2020-02-09,Hustlers,2019,https://boxd.it/jIBM,3
2020-02-13,Inside Llewyn Davis,2013,https://boxd.it/34Ro,4
2020-02-14,Only Angels Have Wings,1939,https://boxd.it/Ttw,4
2020-02-14,Brief Encounter,1945,https://boxd.it/29sm,4.5
2020-02-18,Wild Strawberries,1957,https://boxd.it/29ZU,4.5
2020-02-20,What We Do in the Shadows,2014,https://boxd.it/7eQy,3.5
2020-02-23,Vampyr,1932,https://boxd.it/29DY,4.5
2020-02-25,Happy Gilmore,1996,https://boxd.it/1Yey,3
2020-02-28,Come and See,1985,https://boxd.it/1w9q,4
2020-02-28,A Hidden Life,2019,https://boxd.it/eb1Q,4
2020-02-29,Portrait of a Lady on Fire,2019,https://boxd.it/jkPq,5
2020-03-03,Beverly Hills Cop,1984,https://boxd.it/2baE,4
2020-03-03,"Hail, Caesar!",2016,https://boxd.it/881G,2.5
2020-03-05,The Fits,2015,https://boxd.it/cacO,3
2020-03-05,The Texas Chain Saw Massacre,1974,https://boxd.it/1lcS,4.5
2020-03-07,The Lord of the Rings Collection,2003,https://boxd.it/2b5Y,5
2020-03-08,The Lord of the Rings: The Fellowship of the Ring,2001,https://boxd.it/2b5O,5
2020-03-08,American Pie,1999,https://boxd.it/27qy,3
2020-03-09,Pain and Glory,2019,https://boxd.it/iOBQ,3.5
2020-03-10,The Seventh Seal,1957,https://boxd.it/2ahO,5
2020-03-12,Only Lovers Left Alive,2013,https://boxd.it/4O1U,3.5
2020-03-14,Where the Wild Things Are,2009,https://boxd.it/1K0C,5
2020-03-14,Margaret,2011,https://boxd.it/2kbm,3
2020-03-15,Mad Max: Fury Road,2015,https://boxd.it/2DjO,4.5
2020-03-17,Dogville,2003,https://boxd.it/2a8W,2.5
2020-03-18,A Ghost Story,2017,https://boxd.it/fb0K,4.5
2020-03-19,The Royal Tenenbaums,2001,https://boxd.it/1YHU,3.5
2020-03-19,Ex Machina,2015,https://boxd.it/7T2k,4.5
2020-03-20,Blow Out,1981,https://boxd.it/1TlE,4.5
2020-03-21,A Matter of Life and Death,1946,https://boxd.it/1q6K,5
2020-03-22,The Third Man,1949,https://boxd.it/294E,4.5
2020-03-22,The Descent,2005,https://boxd.it/1YNy,4.5
2020-03-23,8½,1963,https://boxd.it/2aqm,4
2020-03-24,Seven Samurai,1954,https://boxd.it/2axi,5
2020-03-26,West Side Story,1961,https://boxd.it/28dK,5
2020-03-26,The Red Shoes,1948,https://boxd.it/1EXI,5
2020-03-28,This Is Spinal Tap,1984,https://boxd.it/1UOs,3.5
2020-03-29,Pleasantville,1998,https://boxd.it/26uY,3
2020-03-30,Black Narcissus,1947,https://boxd.it/1Kce,4
2020-03-31,Naked,1993,https://boxd.it/1BT4,4.5
2020-03-31,Mulholland Drive,2001,https://boxd.it/297o,4.5
2020-03-31,"Sherlock, Jr.",1924,https://boxd.it/298m,5
2020-03-31,The Life and Death of Colonel Blimp,1943,https://boxd.it/1wwk,5
2020-04-01,The General,1926,https://boxd.it/29co,3.5
2020-04-02,The Wicker Man,1973,https://boxd.it/1KnG,4.5
2020-04-04,Of Human Bondage,1934,https://boxd.it/ThK,2.5
2020-04-04,Fargo,1996,https://boxd.it/2aHM,4
2020-04-05,Jezebel,1938,https://boxd.it/27IM,4.5
2020-04-11,Memento,2000,https://boxd.it/2bcK,4.5
2020-04-12,Twin Peaks,1989,https://boxd.it/g8pk,4
2020-04-12,Twin Peaks: Fire Walk with Me,1992,https://boxd.it/27Qw,3.5
2020-04-12,Twin Peaks: The Missing Pieces,2014,https://boxd.it/8NH4,3
2020-04-13,Kill Bill: Vol. 2,2004,https://boxd.it/2au4,3.5
2020-04-17,Ferris Bueller's Day Off,1986,https://boxd.it/1YPY,5
2020-04-19,The Perks of Being a Wallflower,2012,https://boxd.it/2ZA8,4
2020-04-20,Twin Peaks: The Return,2017,https://boxd.it/hN9O,4.5
2020-04-24,Aliens,1986,https://boxd.it/29PA,4.5
2020-04-24,Juno,2007,https://boxd.it/210a,4.5
2020-04-24,The Double Life of Véronique,1991,https://boxd.it/28va,4
2020-04-25,Sunset Boulevard,1950,https://boxd.it/2a20,4
2020-04-26,The Bourne Supremacy,2004,https://boxd.it/26EE,2.5
2020-04-28,Ace in the Hole,1951,https://boxd.it/1vXk,5
2020-04-28,Some Like It Hot,1959,https://boxd.it/2aNA,4
2020-04-29,The Apartment,1960,https://boxd.it/2aGE,4
2020-04-29,Gremlins,1984,https://boxd.it/29gg,4
2020-04-30,Paths of Glory,1957,https://boxd.it/29b6,5
2020-04-30,Mission: Impossible - Ghost Protocol,2011,https://boxd.it/psI,4.5
2020-05-03,"Paris, Texas",1984,https://boxd.it/29Ts,4
2020-05-03,Gladiator,2000,https://boxd.it/2b9m,3.5
2020-05-05,The Umbrellas of Cherbourg,1964,https://boxd.it/22fK,5
2020-05-10,Batman Begins,2005,https://boxd.it/2aIg,4.5
2020-05-10,Enemy,2013,https://boxd.it/5xtO,3.5
2020-05-13,Bull Durham,1988,https://boxd.it/2wS8,4.5
2020-05-14,The Dark Knight,2008,https://boxd.it/2b0k,4
2020-05-14,The Dark Knight Rises,2012,https://boxd.it/H3m,3
2020-05-17,The Young Girls of Rochefort,1967,https://boxd.it/26K8,4.5
2020-05-18,Harold and Maude,1971,https://boxd.it/2axM,3
2020-05-18,Psycho,1960,https://boxd.it/2ab2,4.5
2020-05-20,Magnolia,1999,https://boxd.it/2aze,4
2020-05-20,The Night of the Hunter,1955,https://boxd.it/25HW,4.5
2020-05-20,House,1977,https://boxd.it/1vsm,3.5
2020-05-23,Batman Returns,1992,https://boxd.it/2awa,3
2020-05-25,The Life Aquatic with Steve Zissou,2004,https://boxd.it/2aqw,4
2020-05-26,The Darjeeling Limited,2007,https://boxd.it/24as,4
2020-05-26,The Age of Innocence,1993,https://boxd.it/1WgM,4.5
2020-05-30,The Last Temptation of Christ,1988,https://boxd.it/1ULe,4
2020-05-30,Shaun of the Dead,2004,https://boxd.it/29J8,4
2020-05-30,Bottle Rocket,1996,https://boxd.it/1PDa,3
2020-05-30,French Kiss,1995,https://boxd.it/2atA,3.5
2020-05-30,Scott Pilgrim vs. the World,2010,https://boxd.it/1Aq6,4
2020-05-31,Barry Lyndon,1975,https://boxd.it/25A2,3.5
2020-05-31,Hercules,1997,https://boxd.it/1SDW,2.5
2020-06-01,Dunkirk,2017,https://boxd.it/d0Y6,4
2020-06-02,When Harry Met Sally...,1989,https://boxd.it/29W2,5
2020-06-02,High and Low,1963,https://boxd.it/1RSc,5
2020-06-04,Zombieland,2009,https://boxd.it/1En6,3
2020-06-04,Superbad,2007,https://boxd.it/20hO,3.5
2020-06-05,Ikiru,1952,https://boxd.it/251c,4
2020-06-11,Punch-Drunk Love,2002,https://boxd.it/20E4,4
2020-06-12,The Thing,1982,https://boxd.it/294O,4.5
2020-06-12,Mission: Impossible III,2006,https://boxd.it/29cI,4
2020-06-17,Da 5 Bloods,2020,https://boxd.it/lnXw,2.5
2020-06-17,Princess Mononoke,1997,https://boxd.it/2b4w,4
2020-06-17,Spirited Away,2001,https://boxd.it/2b4m,4.5
2020-06-17,Possession,1981,https://boxd.it/1BPm,4
2020-06-17,Porco Rosso,1992,https://boxd.it/1Tp2,4.5
2020-06-20,Indiana Jones and the Last Crusade,1989,https://boxd.it/2baO,4
2020-06-21,E.T. the Extra-Terrestrial,1982,https://boxd.it/2a1G,4.5
2020-06-23,The Iron Giant,1999,https://boxd.it/1Wow,4.5
2020-06-24,Kiki's Delivery Service,1989,https://boxd.it/1JAY,4
2020-06-25,Ponyo,2008,https://boxd.it/1S0A,4
2020-06-27,Castle in the Sky,1986,https://boxd.it/1W4G,3.5
2020-06-29,2001: A Space Odyssey,1968,https://boxd.it/2bf0,5
2020-06-29,Nausicaä of the Valley of the Wind,1984,https://boxd.it/2bc6,5
2020-06-29,Perfect Blue,1997,https://boxd.it/1W7A,4.5
2020-06-30,Howl's Moving Castle,2004,https://boxd.it/23De,4
2020-07-01,Lupin the Third: The Castle of Cagliostro,1979,https://boxd.it/1Mn4,4.5
2020-07-02,Whisper of the Heart,1995,https://boxd.it/17uy,5
2020-07-04,My Neighbor Totoro,1988,https://boxd.it/20eA,5
2020-07-07,The King of Staten Island,2020,https://boxd.it/litG,2.5
2020-07-07,Dads,2019,https://boxd.it/n0C0,3
2020-07-07,My Neighbors the Yamadas,1999,https://boxd.it/1KC2,4.5
2020-07-09,Babe,1995,https://boxd.it/1Yh8,3.5
2020-07-10,Hamilton,2020,https://boxd.it/kmvE,4.5
2020-07-10,13th,2016,https://boxd.it/elNg,3.5
2020-07-11,Palm Springs,2020,https://boxd.it/lCXQ,4
2020-07-15,Sleepless in Seattle,1993,https://boxd.it/29re,4.5
2020-07-17,It's Such a Beautiful Day,2012,https://boxd.it/hCY2,4
2020-07-19,World of Tomorrow,2015,https://boxd.it/9Gr6,4.5
2020-07-20,Thor,2011,https://boxd.it/1WQU,3
2020-07-20,Tower,2016,https://boxd.it/dg60,4.5
2020-07-21,You've Got Mail,1998,https://boxd.it/1Yye,4
2020-07-22,The Lost City of Z,2016,https://boxd.it/a7jS,3.5
2020-07-24,Captain America: The First Avenger,2011,https://boxd.it/28b0,3.5
2020-07-27,Captain America: The Winter Soldier,2014,https://boxd.it/3r58,3.5
2020-07-27,Iron Man 2,2010,https://boxd.it/1WZM,1.5
2020-07-27,Iron Man 3,2013,https://boxd.it/2cBQ,4
2020-07-27,The Lego Movie,2014,https://boxd.it/4pDO,3
2020-07-30,Captain America: Civil War,2016,https://boxd.it/89Ja,3.5
2020-07-30,Funny Games,1997,https://boxd.it/1WKM,4.5
2020-07-31,Snow White and the Seven Dwarfs,1937,https://boxd.it/2arO,3.5
2020-08-01,Meek's Cutoff,2010,https://boxd.it/nsG,4
2020-08-02,Bambi,1942,https://boxd.it/25AQ,4.5
2020-08-03,Coco,2017,https://boxd.it/bYJQ,4
2020-08-04,Toy Story,1995,https://boxd.it/29qA,4.5
2020-08-05,Dead Poets Society,1989,https://boxd.it/2aSg,4.5
2020-08-06,Jerry Maguire,1996,https://boxd.it/1YNS,4.5
2020-08-10,Wings of Desire,1987,https://boxd.it/2b26,3
2020-08-12,Spider-Man: Into the Spider-Verse,2018,https://boxd.it/azpY,4
2020-08-12,Mirror,1975,https://boxd.it/28Q8,4
2020-08-19,Rashomon,1950,https://boxd.it/2a9K,3.5
2020-08-20,Ritual in Transfigured Time,1946,https://boxd.it/3Af2,3
2020-08-20,At Land,1944,https://boxd.it/RWc,4
2020-08-20,Meshes of the Afternoon,1943,https://boxd.it/1sEE,5
2020-08-24,Harlan County U.S.A.,1976,https://boxd.it/1fJw,4
2020-08-26,Ella Enchanted,2004,https://boxd.it/1O5G,2
2020-08-26,Daisies,1966,https://boxd.it/LZk,3.5
2020-08-30,Miss Congeniality,2000,https://boxd.it/28GM,3
2020-08-30,Being John Malkovich,1999,https://boxd.it/2ahu,3.5
2020-08-30,Crawl,2019,https://boxd.it/iwYi,3.5
2020-09-03,RoboCop,1987,https://boxd.it/22Wu,3.5
2020-09-03,Showgirls,1995,https://boxd.it/1Vmk,3
2020-09-06,"Jeanne Dielman, 23, Quai du Commerce 1080 Bruxelles",1975,https://boxd.it/T18,4.5
2020-09-08,Take Shelter,2011,https://boxd.it/DQ,4.5
2020-09-11,Minding the Gap,2018,https://boxd.it/hDNu,4
2020-09-12,Boys State,2020,https://boxd.it/oiNW,4
2020-09-12,I'm Thinking of Ending Things,2020,https://boxd.it/i4IQ,3
2020-09-21,The Assistant,2019,https://boxd.it/neWo,3.5
2020-09-21,The Vast of Night,2019,https://boxd.it/kJyc,3
2020-09-21,Blow the Man Down,2019,https://boxd.it/lzJ2,3.5
2020-09-21,The Devil All the Time,2020,https://boxd.it/i2tY,3.5
2020-09-22,Bad Education,2019,https://boxd.it/jiME,4
2020-09-24,Shirley,2020,https://boxd.it/jY2o,3.5
2020-09-26,The Way Back,2020,https://boxd.it/jfoO,3
2020-09-26,Pather Panchali,1955,https://boxd.it/22yC,4
2020-09-28,The Bling Ring,2013,https://boxd.it/3lPY,2.5
2020-09-30,The Invisible Man,2020,https://boxd.it/kWlA,3.5
2020-10-01,Big Night,1996,https://boxd.it/1HnI,4.5
2020-10-02,Cinema Paradiso,1988,https://boxd.it/1UlA,4
2020-10-03,Dick Johnson Is Dead,2020,https://boxd.it/oigy,4
2020-10-03,The Painter and the Thief,2020,https://boxd.it/ojPk,3
2020-10-06,Close Encounters of the Third Kind,1977,https://boxd.it/29u8,4
2020-10-06,Bacurau,2019,https://boxd.it/fSUG,3.5
2020-10-06,The Secret of Roan Inish,1994,https://boxd.it/1OiA,3.5
2020-10-09,Doctor Sleep,2019,https://boxd.it/i5vI,3
2020-10-10,Borat: Cultural Learnings of America for Make Benefit Glorious Nation of Kazakhstan,2006,https://boxd.it/2agQ,4
2020-10-10,Who Framed Roger Rabbit,1988,https://boxd.it/29ry,3
2020-10-10,The Usual Suspects,1995,https://boxd.it/29XE,4.5
2020-10-15,Bridesmaids,2011,https://boxd.it/rac,4
2020-10-15,Never Rarely Sometimes Always,2020,https://boxd.it/lWJk,4
2020-10-15,Greyhound,2020,https://boxd.it/iIaE,3.5
2020-10-15,Babyteeth,2019,https://boxd.it/iWDU,2
2020-10-16,The Last House on the Left,1972,https://boxd.it/1M4m,1
2020-10-18,Alien,1979,https://boxd.it/2awY,4.5
2020-10-19,Ace Ventura: When Nature Calls,1995,https://boxd.it/1Z66,3
2020-10-19,David Byrne's American Utopia,2020,https://boxd.it/oUAG,4
2020-10-20,Night of the Living Dead,1968,https://boxd.it/1WwA,3.5
2020-10-20,Spider-Man: Homecoming,2017,https://boxd.it/aboM,3.5
2020-10-22,Ghostbusters,1984,https://boxd.it/g2w,3.5
2020-10-23,Relic,2020,https://boxd.it/jEwS,4
2020-10-24,World of Tomorrow Episode Two: The Burden of Other People's Thoughts,2017,https://boxd.it/gU8m,4.5
2020-10-26,First Cow,2019,https://boxd.it/krga,3.5
2020-10-26,Borat Subsequent Moviefilm,2020,https://boxd.it/rNS0,3.5
2020-10-27,Fifty Shades of Grey,2015,https://boxd.it/6qLo,3.5
2020-10-28,Prometheus,2012,https://boxd.it/2s9e,3
2020-10-28,Time,2020,https://boxd.it/oiOA,4.5
2020-10-29,Shithouse,2020,https://boxd.it/nCFc,4
2020-10-29,Bad Hair,2020,https://boxd.it/jhAC,3
2020-10-29,World of Tomorrow Episode Three: The Absent Destinations of David Prime,2020,https://boxd.it/rmsk,4.5
2020-11-01,Blade Runner,1982,https://boxd.it/2bcA,4.5
2020-11-03,Halloween,1978,https://boxd.it/2wRu,4.5
2020-11-03,Host,2020,https://boxd.it/r5O4,2.5
2020-11-03,Fifty Shades Darker,2017,https://boxd.it/bm2E,3.5
2020-11-06,Alien³,1992,https://boxd.it/20zS,2.5
2020-11-06,Alien: Covenant,2017,https://boxd.it/49UY,4
2020-11-10,Quantum of Solace,2008,https://boxd.it/1Vs8,3
2020-11-11,Woman in the Dunes,1964,https://boxd.it/1JNS,4.5
2020-11-14,Possessor,2020,https://boxd.it/fsJW,3
2020-11-15,Beetlejuice,1988,https://boxd.it/24QI,3
2020-11-15,Predator,1987,https://boxd.it/2b84,4
2020-11-16,Touch of Evil,1958,https://boxd.it/28II,3
2020-11-16,The Other Guys,2010,https://boxd.it/1rtq,3.5
2020-11-17,Doctor Strange,2016,https://boxd.it/8MH8,3.5
2020-11-17,Brave,2012,https://boxd.it/bVG,3.5
2020-11-17,Rebecca,1940,https://boxd.it/2aQa,4.5
2020-11-17,The Cremator,1969,https://boxd.it/1H8y,3.5
2020-11-18,All That Jazz,1979,https://boxd.it/1JB8,4.5
2020-11-18,Safety Not Guaranteed,2012,https://boxd.it/2Y3M,1.5
2020-11-18,The New World,2005,https://boxd.it/1TVW,4.5
2020-11-19,PlayTime,1967,https://boxd.it/1WLK,3
2020-11-22,Popstar: Never Stop Never Stopping,2016,https://boxd.it/blDa,4
2020-11-23,Se7en,1995,https://boxd.it/29zs,4.5
2020-11-23,Indiana Jones and the Kingdom of the Crystal Skull,2008,https://boxd.it/2aR8,3.5
2020-11-24,Austin Powers: International Man of Mystery,1997,https://boxd.it/29y0,2.5
2020-11-25,In the Mood for Love,2000,https://boxd.it/29tE,4
2020-11-26,The Graduate,1967,https://boxd.it/18Im,5
2020-11-30,Once,2007,https://boxd.it/22GG,5
2020-12-01,About Time,2013,https://boxd.it/43bI,2.5
2020-12-01,Emma.,2020,https://boxd.it/kmg0,3.5
2020-12-01,A.I. Artificial Intelligence,2001,https://boxd.it/29Ve,3
2020-12-02,"Planes, Trains and Automobiles",1987,https://boxd.it/26zE,4.5
2020-12-02,Harakiri,1962,https://boxd.it/1NTU,4.5
2020-12-03,Underwater,2020,https://boxd.it/fN4q,3.5
2020-12-06,Sound of Metal,2019,https://boxd.it/i7Q4,4
2020-12-07,Mangrove,2020,https://boxd.it/qEAa,4.5
2020-12-07,"Red, White and Blue",2020,https://boxd.it/siQE,4
2020-12-07,Hot Fuzz,2007,https://boxd.it/2416,4
2020-12-09,His House,2020,https://boxd.it/l8Qq,3.5
2020-12-10,The Nest,2020,https://boxd.it/jTqq,3.5
2020-12-12,She Dies Tomorrow,2020,https://boxd.it/oIuG,2
2020-12-13,Beanpole,2019,https://boxd.it/iK9S,3
2020-12-14,Wolfwalkers,2020,https://boxd.it/fGrC,3.5
2020-12-15,I'm Your Woman,2020,https://boxd.it/nTIW,4
2020-12-15,Alex Wheatle,2020,https://boxd.it/sff6,4
2020-12-15,"Yes, God, Yes",2019,https://boxd.it/jaGS,2.5
2020-12-18,Lovers Rock,2020,https://boxd.it/qEAk,4
2020-12-20,Ma Rainey's Black Bottom,2020,https://boxd.it/mLcm,3.5
2020-12-21,Inside Out,2015,https://boxd.it/4KHC,2
2020-12-25,The Trial of the Chicago 7,2020,https://boxd.it/kn3w,2.5
2020-12-27,Education,2020,https://boxd.it/sTpK,3.5
2020-12-29,Soul,2020,https://boxd.it/ioLA,4
2020-12-30,Wonder Woman 1984,2020,https://boxd.it/gBtA,2.5
2020-12-31,Meet Me in St. Louis,1944,https://boxd.it/29j0,4
2020-12-31,Another Round,2020,https://boxd.it/lkba,4
2021-01-02,Toy Story 2,1999,https://boxd.it/29qq,4.5
2021-01-03,The Lord of the Rings: The Two Towers,2002,https://boxd.it/2b5E,4.5
2021-01-06,The Lord of the Rings: The Return of the King,2003,https://boxd.it/2b5u,4
2021-01-07,Kajillionaire,2020,https://boxd.it/jJDY,3
2021-01-07,The Platform,2019,https://boxd.it/mUm6,4
2021-01-07,Birds of Prey (and the Fantabulous Emancipation of One Harley Quinn),2020,https://boxd.it/hSyO,2.5
2021-01-09,Young Ahmed,2019,https://boxd.it/iXJa,3.5
2021-01-09,"Bloody Nose, Empty Pockets",2020,https://boxd.it/mlpu,3
2021-01-09,The Trip,2010,https://boxd.it/6Bc,3.5
2021-01-12,Sputnik,2020,https://boxd.it/lUya,4
2021-01-12,East Side Sushi,2014,https://boxd.it/7AUW,2.5
2021-01-13,Aquaman,2018,https://boxd.it/9ru0,3.5
2021-01-13,X-Men: First Class,2011,https://boxd.it/FOA,3.5
2021-01-16,Knocked Up,2007,https://boxd.it/23yS,4
2021-01-16,X-Men: Days of Future Past,2014,https://boxd.it/4aRw,2
2021-01-19,The Lady Eve,1941,https://boxd.it/25LY,4.5
2021-01-19,Tenet,2020,https://boxd.it/leq4,4.5
2021-01-20,The Searchers,1956,https://boxd.it/25HC,3.5
2021-01-20,One Night in Miami...,2020,https://boxd.it/oCUo,4.5
2021-01-20,Once Upon a Time in the West,1968,https://boxd.it/2az4,4
2021-01-20,Twilight,2008,https://boxd.it/1Zui,1
2021-01-22,Forgetting Sarah Marshall,2008,https://boxd.it/1XEq,3.5
2021-01-24,The Assassination of Jesse James by the Coward Robert Ford,2007,https://boxd.it/24dG,4
2021-01-24,Ant-Man,2015,https://boxd.it/3vmW,2.5
2021-01-25,Leviathan,2012,https://boxd.it/4bBO,4.5
2021-01-27,Ant-Man and the Wasp,2018,https://boxd.it/cqUW,3.5
2021-01-27,Blood Simple,1984,https://boxd.it/1U16,3.5
2021-01-30,Thor: The Dark World,2013,https://boxd.it/2DqA,3.5
2021-02-01,Ad Astra,2019,https://boxd.it/ePzI,4
2021-02-01,The Kid with a Bike,2011,https://boxd.it/5Xc,3.5
2021-02-01,Three Colors: Blue,1993,https://boxd.it/2b7K,4
2021-02-02,Secrets & Lies,1996,https://boxd.it/1UuC,4.5
2021-02-03,Avengers: Infinity War,2018,https://boxd.it/9vEe,2.5
2021-02-05,"Two Days, One Night",2014,https://boxd.it/6A58,3.5
2021-02-06,Dazed and Confused,1993,https://boxd.it/1Ylk,4
2021-02-08,All the President's Men,1976,https://boxd.it/29lU,5
2021-02-10,School of Rock,2003,https://boxd.it/28xK,5
2021-02-12,Once Upon a Time in Anatolia,2011,https://boxd.it/2yHG,4
2021-02-14,Certified Copy,2010,https://boxd.it/IMW,4
2021-02-16,Set It Up,2018,https://boxd.it/dpik,2.5
2021-02-19,Dog Day Afternoon,1975,https://boxd.it/29bg,5
2021-02-19,Bicycle Thieves,1948,https://boxd.it/23hW,3
2021-02-22,The Emperor's New Groove,2000,https://boxd.it/1Tey,4
2021-02-23,Andrei Rublev,1966,https://boxd.it/29lg,4
2021-02-23,Brazil,1985,https://boxd.it/2be2,3
2021-02-23,Only Yesterday,1991,https://boxd.it/1MR4,4
2021-02-24,The Devils,1971,https://boxd.it/1inI,4.5
2021-03-01,All This Panic,2016,https://boxd.it/drPU,4
2021-03-01,Lone Star,1996,https://boxd.it/1tge,4.5
2021-03-01,Dirty Dancing,1987,https://boxd.it/2baY,4
2021-03-01,The Sacrifice,1986,https://boxd.it/1xg8,4
2021-03-08,Ran,1985,https://boxd.it/1Tlu,4
2021-03-12,Hot Rod,2007,https://boxd.it/1X9C,3.5
2021-03-12,Rosemary's Baby,1968,https://boxd.it/29zM,4.5
2021-03-14,Tootsie,1982,https://boxd.it/1YkG,4
2021-03-14,Sweet Smell of Success,1957,https://boxd.it/29aW,4
2021-03-14,Out of Sight,1998,https://boxd.it/28R6,4
2021-03-14,The Wind Rises,2013,https://boxd.it/4JQS,4
2021-03-14,A Woman Under the Influence,1974,https://boxd.it/1myg,4
2021-03-14,The Master,2012,https://boxd.it/2cBG,4
2021-03-14,Green Room,2015,https://boxd.it/a75m,4
2021-03-14,No Country for Old Men,2007,https://boxd.it/21ew,4.5
2021-03-14,Make Way for Tomorrow,1937,https://boxd.it/10hC,4.5
2021-03-16,Unforgiven,1992,https://boxd.it/6Z4,4.5
2021-03-16,Judas and the Black Messiah,2021,https://boxd.it/lsew,3.5
2021-03-17,Taxi Driver,1976,https://boxd.it/2b8y,4.5
2021-03-19,City Slickers,1991,https://boxd.it/28P0,4
2021-03-21,Le Bonheur,1965,https://boxd.it/xyk,5
2021-03-22,Godzilla,1954,https://boxd.it/28kc,4
2021-03-23,My Octopus Teacher,2020,https://boxd.it/prk2,3
2021-03-25,Network,1976,https://boxd.it/1VqG,4
2021-03-28,Mank,2020,https://boxd.it/mIuC,2
2021-03-29,Watchmen,2009,https://boxd.it/1QE4,3
2021-03-30,Nomadland,2020,https://boxd.it/lnRy,4
2021-03-30,Bad Trip,2021,https://boxd.it/lgRG,2.5
2021-04-01,Vertigo,1958,https://boxd.it/2apI,4.5
2021-04-04,Heathers,1989,https://boxd.it/26x4,2
2021-04-06,Godzilla,2014,https://boxd.it/47OE,4
2021-04-06,Godzilla: King of the Monsters,2019,https://boxd.it/cY7Y,1.5
2021-04-07,Kong: Skull Island,2017,https://boxd.it/9ewM,2.5
2021-04-08,Detour,1945,https://boxd.it/1DB2,3.5
2021-04-12,Godzilla vs. Kong,2021,https://boxd.it/e0qK,3
2021-04-17,A New Leaf,1971,https://boxd.it/19FS,4
2021-04-19,Promising Young Woman,2020,https://boxd.it/loRE,3
2021-04-22,Man of Steel,2013,https://boxd.it/FRk,2
2021-04-24,The Beach Bum,2019,https://boxd.it/fH4O,3.5
2021-04-24,Beau Travail,1999,https://boxd.it/1NI8,4
2021-04-24,The Life Ahead,2020,https://boxd.it/oRqS,3.5
2021-04-27,Where Is My Friend's House?,1987,https://boxd.it/ELg,3.5
2021-04-28,"Quo vadis, Aida?",2020,https://boxd.it/riws,4
2021-05-01,Memories of Murder,2003,https://boxd.it/1TSo,4.5
2021-05-02,The Man Who Would Be King,1975,https://boxd.it/299O,2
2021-05-02,Mother,2009,https://boxd.it/1m9g,3
2021-05-03,Pulse,2001,https://boxd.it/1s3y,3.5
2021-05-05,Derek DelGaudio's In & of Itself,2020,https://boxd.it/pq3O,4.5
2021-05-05,WandaVision,2021,https://boxd.it/sbGW,3.5
2021-05-05,Manhattan,1979,https://boxd.it/29Na,4.5
2021-05-13,Mean Girls,2004,https://boxd.it/1VNg,4
2021-05-13,The Dawn Wall,2017,https://boxd.it/hCP0,4.5
2021-05-15,Rear Window,1954,https://boxd.it/2a6Q,4.5
2021-05-19,Bowfinger,1999,https://boxd.it/1U3w,3.5
2021-05-21,The Departed,2006,https://boxd.it/28MA,4.5
2021-05-24,Fitzcarraldo,1982,https://boxd.it/1YV8,3.5
2021-05-24,Batman v Superman: Dawn of Justice,2016,https://boxd.it/6fBW,1.5
2021-05-24,The Great Dictator,1940,https://boxd.it/29ic,4
2021-05-30,Apocalypse Now,1979,https://boxd.it/6ZS,4.5
2021-05-30,Win Win,2011,https://boxd.it/r9y,3.5
2021-05-30,Unstoppable,2010,https://boxd.it/SVO,3
2021-05-30,Collateral,2004,https://boxd.it/28F0,4
2021-05-30,Saint Maud,2019,https://boxd.it/l8QA,4
2021-05-31,The Taking of Pelham One Two Three,1974,https://boxd.it/20lG,4.5
2021-05-31,Speed,1994,https://boxd.it/28qk,4
2021-06-01,Coherence,2013,https://boxd.it/6xza,4
2021-06-02,Greenland,2020,https://boxd.it/j1Um,4
2021-06-05,Heat,1995,https://boxd.it/2bg8,5
2021-06-09,The Conjuring 2,2016,https://boxd.it/7GJg,3.5
2021-06-09,The Conjuring: The Devil Made Me Do It,2021,https://boxd.it/eXZY,2
2021-06-09,Casablanca,1942,https://boxd.it/2aG0,4
2021-06-09,The Wolf of Wall Street,2013,https://boxd.it/3C1m,4.5
2021-06-13,Lars and the Real Girl,2007,https://boxd.it/21tG,4.5
2021-06-14,In the Heights,2021,https://boxd.it/gLhu,3.5
2021-06-16,Logan Lucky,2017,https://boxd.it/dZrs,3.5
2021-06-19,Training Day,2001,https://boxd.it/27A4,4.5
2021-06-23,The Nice Guys,2016,https://boxd.it/94Hg,2.5
2021-06-23,Reservoir Dogs,1992,https://boxd.it/2agc,4
2021-06-24,The Avengers,2012,https://boxd.it/1xFW,4
2021-06-27,The Fast and the Furious,2001,https://boxd.it/1XMu,3.5
2021-06-27,2 Fast 2 Furious,2003,https://boxd.it/2a4g,3
2021-06-28,The Fast and the Furious: Tokyo Drift,2006,https://boxd.it/1Yeo,2.5
2021-06-28,Fast & Furious,2009,https://boxd.it/1Pnm,4
2021-06-29,Fast Five,2011,https://boxd.it/BgO,4
2021-06-29,Fast & Furious 6,2013,https://boxd.it/2UG6,3.5
2021-07-01,Furious 7,2015,https://boxd.it/5cVs,3.5
2021-07-02,The Fate of the Furious,2017,https://boxd.it/bbCw,2.5
2021-07-05,Fast & Furious Presents: Hobbs & Shaw,2019,https://boxd.it/dnDA,2.5
2021-07-08,F9,2021,https://boxd.it/dqsU,1.5
2021-07-08,Hunger,2008,https://boxd.it/1Wso,4
2021-07-13,Hard Eight,1996,https://boxd.it/20DU,3.5
2021-07-29,Unbreakable,2000,https://boxd.it/1XV2,3.5
2021-07-29,Signs,2002,https://boxd.it/26t2,2.5
2021-08-02,Deep Cover,1992,https://boxd.it/1D5g,4
2021-08-02,The Happening,2008,https://boxd.it/200o,2
2021-08-03,The Empty Man,2020,https://boxd.it/iIWS,4
2021-08-04,Videodrome,1983,https://boxd.it/29uC,3
2021-08-08,The Insider,1999,https://boxd.it/1ZoE,4.5
2021-08-17,An American Rhapsody,2001,https://boxd.it/17ck,2.5
2021-08-17,Pig,2021,https://boxd.it/nzoW,4.5
2021-08-18,The Suicide Squad,2021,https://boxd.it/fw6O,3.5
2021-08-23,Zack Snyder's Justice League,2021,https://boxd.it/tLOk,2.5
2021-09-01,The Five-Year Engagement,2012,https://boxd.it/2oZU,2
2021-09-01,In the Cut,2003,https://boxd.it/1V12,4
2021-09-05,In the Earth,2021,https://boxd.it/s652,2
2021-09-05,Jurassic Park,1993,https://boxd.it/2aA2,4
2021-09-05,Shiva Baby,2020,https://boxd.it/oIv0,3.5
2021-09-06,Casino Royale,2006,https://boxd.it/1alk,4
2021-09-06,Point Break,1991,https://boxd.it/2958,4
2021-09-06,Loki,2021,https://boxd.it/sbHg,2.5
2021-09-11,Mission: Impossible,1996,https://boxd.it/29d2,3.5
2021-09-15,Raising Arizona,1987,https://boxd.it/2avQ,4
2021-09-17,Escape from New York,1981,https://boxd.it/294k,2.5
2021-09-26,Malignant,2021,https://boxd.it/mViE,3
2021-09-26,Shang-Chi and the Legend of the Ten Rings,2021,https://boxd.it/kLDI,3.5
2021-09-30,Sweetie,1989,https://boxd.it/4HM,2.5
2021-10-09,Animal House,1978,https://boxd.it/2062,3
2021-10-09,Raw,2016,https://boxd.it/dLd2,4
2021-10-12,Titane,2021,https://boxd.it/nlQC,3.5
2021-10-12,GoldenEye,1995,https://boxd.it/29KU,4
2021-10-12,Spectre,2015,https://boxd.it/6bXY,2
2021-10-20,The Ritual,2017,https://boxd.it/fo0I,2.5
2021-10-20,No Time to Die,2021,https://boxd.it/cPX2,4
2021-10-26,A Nightmare on Elm Street,1984,https://boxd.it/2aw0,4
2021-10-28,The Strangers,2008,https://boxd.it/1VGY,3
2021-10-28,Trick 'r Treat,2007,https://boxd.it/1zvE,2.5
2021-10-28,An Angel at My Table,1990,https://boxd.it/269G,3.5
2021-11-06,Luca,2021,https://boxd.it/ipjC,3
2021-11-10,The Piano,1993,https://boxd.it/29Kq,4.5
2021-11-10,The French Dispatch,2021,https://boxd.it/jLP8,3.5
2021-11-10,Bo Burnham: Inside,2021,https://boxd.it/v2uy,4.5
2021-11-13,Spencer,2021,https://boxd.it/qPMG,4
2021-11-16,Bright Star,2009,https://boxd.it/1mfI,3
2021-11-17,Amélie,2001,https://boxd.it/2aUc,3.5
2021-11-22,Passing,2021,https://boxd.it/jKdM,3.5
2021-11-23,Babette's Feast,1987,https://boxd.it/1SYU,5
2021-11-23,The Princess Diaries,2001,https://boxd.it/1XCO,3
2021-11-23,The Princess Diaries 2: Royal Engagement,2004,https://boxd.it/1UyY,2
2021-11-23,Breaking the Waves,1996,https://boxd.it/2b1W,3.5
2021-11-27,The Power of the Dog,2021,https://boxd.it/m99E,4
2021-11-27,The Green Knight,2021,https://boxd.it/kuy2,4.5
2021-12-26,"tick, tick...BOOM!",2021,https://boxd.it/jz2e,3.5
2021-12-26,The Rescue,2021,https://boxd.it/pmto,3.5
2021-12-26,Spider-Man: Far From Home,2019,https://boxd.it/fegG,2
2021-12-26,Spider-Man 3,2007,https://boxd.it/2a7Y,3
2021-12-26,The Last Duel,2021,https://boxd.it/mQbe,4
2021-12-26,West Side Story,2021,https://boxd.it/iwt0,4
2021-12-29,Riders of Justice,2020,https://boxd.it/oHQc,3
2021-12-30,The Resort,2021,https://boxd.it/uvEK,2
2021-12-30,The Amazing Spider-Man,2012,https://boxd.it/27PI,3.5
2021-12-31,The Amazing Spider-Man 2,2014,https://boxd.it/3utM,1.5
2022-01-03,Black Widow,2021,https://boxd.it/hWV8,3
2022-01-03,Spider-Man: No Way Home,2021,https://boxd.it/nwRw,2
2022-01-03,Procession,2021,https://boxd.it/wMAu,3.5
2022-01-03,Annette,2021,https://boxd.it/f0RS,3
2022-01-06,"Summer of Soul (...or, When the Revolution Could Not Be Televised)",2021,https://boxd.it/tbhu,4
2022-01-08,Censor,2021,https://boxd.it/oHFS,2
2022-01-10,In the Heat of the Night,1967,https://boxd.it/1VLY,3.5
2022-01-14,Zola,2020,https://boxd.it/jEWQ,4
2022-01-14,The Killing of Two Lovers,2020,https://boxd.it/oiN8,4
2022-01-14,Licorice Pizza,2021,https://boxd.it/qTKY,4
2022-01-14,The Matrix Reloaded,2003,https://boxd.it/2a1c,3.5
2022-01-14,"All Light, Everywhere",2021,https://boxd.it/l5q0,3.5
2022-01-16,The Matrix Revolutions,2003,https://boxd.it/2a12,3
2022-01-17,The Matrix Resurrections,2021,https://boxd.it/n87k,4
2022-01-17,About Endlessness,2019,https://boxd.it/bHua,4
2022-01-19,Drive My Car,2021,https://boxd.it/sv94,5
2022-01-19,The Tragedy of Macbeth,2021,https://boxd.it/lMi4,3.5
2022-01-24,I Saw the Devil,2010,https://boxd.it/FaK,3.5
2022-01-25,A Hero,2021,https://boxd.it/p2zw,3.5
2022-02-01,The Worst Person in the World,2021,https://boxd.it/oyws,4
2022-02-01,Martyrs,2008,https://boxd.it/1Yqu,2.5
2022-02-03,My Big Fat Greek Wedding,2002,https://boxd.it/20k4,2.5
2022-02-04,Jackass: The Movie,2002,https://boxd.it/1Zo0,3.5
2022-02-04,Jackass Number Two,2006,https://boxd.it/1SyM,3.5
2022-02-04,Yi Yi,2000,https://boxd.it/1vCw,4
2022-02-05,Jackass 3D,2010,https://boxd.it/1KpM,4
2022-02-07,Jackass 3.5,2011,https://boxd.it/2Ak,3.5
2022-02-07,The Conversation,1974,https://boxd.it/2a38,4.5
2022-02-10,Avatar,2009,https://boxd.it/1Efm,4.5
2022-02-12,Don't Look Up,2021,https://boxd.it/o0Hc,1.5
2022-02-15,Identifying Features,2020,https://boxd.it/oina,4
2022-02-15,Dune,2021,https://boxd.it/fA7G,4.5
2022-02-17,Panic Room,2002,https://boxd.it/2490,3.5
2022-02-21,Kimi,2022,https://boxd.it/u7LW,2.5
2022-02-21,Texas Chainsaw Massacre,2022,https://boxd.it/ns6c,1
2022-02-22,The Texas Chainsaw Massacre,2003,https://boxd.it/1YQs,3
2022-02-22,The Texas Chainsaw Massacre: The Beginning,2006,https://boxd.it/1VpI,1.5
2022-02-22,CODA,2021,https://boxd.it/tbf4,3
2022-02-26,Magic Mike,2012,https://boxd.it/2HvY,4
2022-02-26,Much Ado About Nothing,1993,https://boxd.it/1SDM,4
2022-02-27,Blackhat,2015,https://boxd.it/62Te,3.5
2022-02-27,One Week,1920,https://boxd.it/1zr8,4.5
2022-02-27,The Scarecrow,1920,https://boxd.it/BB8,3.5
2022-02-28,The Play House,1921,https://boxd.it/BAk,3.5
2022-02-28,Cops,1922,https://boxd.it/15j4,3
2022-03-02,Texas Chainsaw 3D,2013,https://boxd.it/2E7O,2.5
2022-03-03,Mean Streets,1973,https://boxd.it/2aSU,3.5
2022-03-05,Paper Moon,1973,https://boxd.it/1Ud2,5
2022-03-09,Columbus,2017,https://boxd.it/eCuA,4
2022-03-10,The Batman,2022,https://boxd.it/eDGs,4
2022-03-10,The Ascent,1977,https://boxd.it/Eew,4.5
2022-03-12,Below Zero,2021,https://boxd.it/lDY6,3
2022-03-14,Free Guy,2021,https://boxd.it/k8dm,3
2022-03-15,After We Fell,2021,https://boxd.it/rWum,0.5
2022-03-20,Minari,2020,https://boxd.it/mL9M,3
2022-03-21,The Prince of Egypt,1998,https://boxd.it/1XGQ,4
2022-03-23,Nightmare Alley,2021,https://boxd.it/m0HC,4
2022-03-26,His Girl Friday,1940,https://boxd.it/25M8,2.5
2022-04-08,Paterson,2016,https://boxd.it/cRk2,4
2022-04-08,Miller's Crossing,1990,https://boxd.it/2avG,4.5
2022-04-08,Dr. Strangelove or: How I Learned to Stop Worrying and Love the Bomb,1964,https://boxd.it/29eY,4
2022-04-11,Everything Everywhere All at Once,2022,https://boxd.it/jUk4,4
2022-04-14,Jurassic Park III,2001,https://boxd.it/2azI,3
2022-04-18,Jurassic World,2015,https://boxd.it/4n0g,2.5
2022-04-18,Jurassic World: Fallen Kingdom,2018,https://boxd.it/bOnU,2
2022-04-23,Army of Darkness,1992,https://boxd.it/29G4,3
2022-04-30,Harry Potter and the Goblet of Fire,2005,https://boxd.it/29Qo,3
2022-04-30,Harry Potter and the Order of the Phoenix,2007,https://boxd.it/29Qe,3.5
2022-05-02,Harry Potter and the Half-Blood Prince,2009,https://boxd.it/29FU,3.5
2022-05-02,Harry Potter and the Deathly Hallows: Part 1,2010,https://boxd.it/1RYu,4.5
2022-05-02,Harry Potter and the Deathly Hallows: Part 2,2011,https://boxd.it/1RYk,3
2022-05-04,Dinosaur,2000,https://boxd.it/1VWi,3.5
2022-05-07,Pirates of the Caribbean: Dead Man's Chest,2006,https://boxd.it/2bfk,4
2022-05-07,Pirates of the Caribbean: At World's End,2007,https://boxd.it/2aGu,2.5
2022-05-07,Pirates of the Caribbean: On Stranger Tides,2011,https://boxd.it/27Z4,2
2022-05-18,Barb & Star Go to Vista Del Mar,2021,https://boxd.it/lX9M,3.5
2022-05-21,Drag Me to Hell,2009,https://boxd.it/1Jzw,2.5
2022-05-23,Scanners,1981,https://boxd.it/1YqE,3
2022-05-23,The Brood,1979,https://boxd.it/1ovS,4
2022-05-24,Pirates of the Caribbean: Dead Men Tell No Tales,2017,https://boxd.it/5a9m,2
2022-05-24,The Straight Story,1999,https://boxd.it/2ass,5
2022-05-25,Constantine,2005,https://boxd.it/2a7E,3.5
2022-05-31,Old,2021,https://boxd.it/npKI,3.5
2022-06-01,The VelociPastor,2018,https://boxd.it/glzW,4
2022-06-01,Top Gun,1986,https://boxd.it/29JC,4
2022-06-04,Rabid,1977,https://boxd.it/1nuk,3
2022-06-04,The Dead Zone,1983,https://boxd.it/1U6g,3
2022-06-07,Dead Ringers,1988,https://boxd.it/1Yqk,4
2022-06-08,The Right Stuff,1983,https://boxd.it/1YoS,3
2022-06-09,Inland Empire,2006,https://boxd.it/28d6,3.5
2022-06-09,Mission: Impossible II,2000,https://boxd.it/29cS,3.5
2022-06-12,The Son,2002,https://boxd.it/1cG0,4.5
2022-06-14,Mission: Impossible - Fallout,2018,https://boxd.it/bSVc,4
2022-06-15,The Unknown Girl,2016,https://boxd.it/bk78,3
2022-06-23,Ford v Ferrari,2019,https://boxd.it/ce74,3.5
2022-06-23,A Moment of Innocence,1996,https://boxd.it/T6W,4
2022-06-23,RRR,2022,https://boxd.it/ljDs,4.5
2022-06-24,Pride & Prejudice,2005,https://boxd.it/24u8,3
2022-06-26,Saturday Night Fever,1977,https://boxd.it/1URQ,4
2022-06-26,Crash,1996,https://boxd.it/29n2,3
2022-07-01,Doctor Strange in the Multiverse of Madness,2022,https://boxd.it/gaTc,2.5
2022-07-01,Miami Vice,2006,https://boxd.it/2bbW,3.5
2022-07-04,Funny Farm,1988,https://boxd.it/1OCA,3
2022-07-04,After Yang,2021,https://boxd.it/lx5a,4
2022-07-04,Memoria,2021,https://boxd.it/iwtE,4
2022-07-08,Invasion of the Body Snatchers,1978,https://boxd.it/1SWk,4
2022-07-08,Diabolique,1955,https://boxd.it/29we,3.5
2022-07-19,"South Park: Bigger, Longer & Uncut",1999,https://boxd.it/1YAO,4
2022-07-20,The Long Goodbye,1973,https://boxd.it/281O,3.5
2022-07-20,California Split,1974,https://boxd.it/1hRs,2.5
2022-07-20,The Counselor,2013,https://boxd.it/3G6K,3.5
2022-07-21,The Handmaiden,2016,https://boxd.it/948A,3.5
2022-07-22,Top Gun: Maverick,2022,https://boxd.it/cjr4,2.5
2022-07-24,White Chicks,2004,https://boxd.it/1SpK,2
2022-07-25,Thor: Love and Thunder,2022,https://boxd.it/mMAY,2.5
2022-07-25,Nope,2022,https://boxd.it/sDCe,3.5
2022-07-29,Solaris,2002,https://boxd.it/27qS,3.5
2022-07-30,Irma Vep,1996,https://boxd.it/1vYs,3.5
2022-07-30,The Grey,2011,https://boxd.it/2xZE,4
2022-07-31,The Card Counter,2021,https://boxd.it/nTH0,3.5
2022-08-01,Eternals,2021,https://boxd.it/j36o,2.5
2022-08-04,Double Indemnity,1944,https://boxd.it/297I,4.5
2022-08-08,Hairspray,2007,https://boxd.it/261M,3.5
2022-08-09,Pretty Woman,1990,https://boxd.it/2b6M,4
2022-08-10,Legally Blonde,2001,https://boxd.it/1ZNa,4
2022-08-12,Prey,2022,https://boxd.it/sNBU,4
2022-08-16,Turning Red,2022,https://boxd.it/ipkq,3.5
2022-08-19,Us,2019,https://boxd.it/gnV6,3
2022-08-19,Pitch Perfect,2012,https://boxd.it/3OsE,4
2022-08-21,Shrek 2,2004,https://boxd.it/29z8,4
2022-08-23,The Rover,2014,https://boxd.it/4WCY,4
2022-08-28,AVP: Alien vs. Predator,2004,https://boxd.it/2atU,3.5
2022-08-28,Predator 2,1990,https://boxd.it/2aY4,2.5
2022-08-28,"I Love You, Man",2009,https://boxd.it/1JZu,3.5
2022-08-29,The Predator,2018,https://boxd.it/bDw2,1
2022-08-29,Aliens vs Predator: Requiem,2007,https://boxd.it/2ans,1
2022-09-02,Birth,2004,https://boxd.it/1VvQ,3.5
2022-09-02,Clueless,1995,https://boxd.it/1Ygk,4
2022-09-06,The Twilight Saga: Eclipse,2010,https://boxd.it/1ytW,2
2022-09-08,The Twilight Saga: New Moon,2009,https://boxd.it/1Hj2,3
2022-09-08,The Twilight Saga: Breaking Dawn - Part 2,2012,https://boxd.it/DdC,3
2022-09-08,The Twilight Saga: Breaking Dawn - Part 1,2011,https://boxd.it/DdM,3
2022-09-12,Fire of Love,2022,https://boxd.it/yoPY,4
